

INSERT INTO POKEMON (ID,NAME,TYPE) VALUES (37,'Vulpix','Fire');
INSERT INTO POKEMON (ID,NAME,TYPE) VALUES (6,'Charizard','Fire');
INSERT INTO POKEMON (ID,NAME,TYPE) VALUES (126,'Magmar','Fire');
INSERT INTO POKEMON (ID,NAME,TYPE) VALUES (154,'Cyndaquil','Fire');
INSERT INTO POKEMON (ID,NAME,TYPE) VALUES (653,'Fennekin','Fire');


INSERT INTO POKEMON (ID,NAME,TYPE) VALUES (134,'Vaporeon','Water');
INSERT INTO POKEMON (ID,NAME,TYPE) VALUES (55,'Golduck','Water');
INSERT INTO POKEMON (ID,NAME,TYPE) VALUES (99,'Kingler','Water');
INSERT INTO POKEMON (ID,NAME,TYPE) VALUES (129,'Magikarp','Water');
INSERT INTO POKEMON (ID,NAME,TYPE) VALUES (131,'Lapras','Water');


INSERT INTO POKEMON (ID,NAME,TYPE) VALUES (1,'Bulbasaur','Grass');
INSERT INTO POKEMON (ID,NAME,TYPE) VALUES (071,'Victreebel','Grass');
INSERT INTO POKEMON (ID,NAME,TYPE) VALUES (152,'Chikorita','Grass');
INSERT INTO POKEMON (ID,NAME,TYPE) VALUES (192,'Sunflora','Grass');
INSERT INTO POKEMON (ID,NAME,TYPE) VALUES (319,'Sharpedo','Grass');


INSERT INTO TRAINER (NAME, LEVEL) VALUES ('Jonathan',1);
INSERT INTO TRAINER (NAME, LEVEL) VALUES ('Jacob',1);
INSERT INTO TRAINER (NAME, LEVEL) VALUES ('Shawn',1);
INSERT INTO TRAINER (NAME, LEVEL) VALUES ('Tom',1);
INSERT INTO TRAINER (NAME, LEVEL) VALUES ('Ryan',1);
INSERT INTO TRAINER (NAME, LEVEL) VALUES ('Terry',1);
INSERT INTO TRAINER (NAME, LEVEL) VALUES ('Moses',1);

INSERT INTO TRAINER_POKEMONS (TRAINER_NAME, POKEMON_ID, TIMESTAMP) VALUES ('Shawn', 37, 1);
INSERT INTO TRAINER_POKEMONS (TRAINER_NAME, POKEMON_ID, TIMESTAMP) VALUES ('Shawn', 134, 2);
INSERT INTO TRAINER_POKEMONS (TRAINER_NAME, POKEMON_ID, TIMESTAMP) VALUES ('Shawn', 152, 3);
INSERT INTO TRAINER_POKEMONS (TRAINER_NAME, POKEMON_ID, TIMESTAMP) VALUES ('Tom', 37, 1);
INSERT INTO TRAINER_POKEMONS (TRAINER_NAME, POKEMON_ID, TIMESTAMP) VALUES ('Tom', 134, 2);
INSERT INTO TRAINER_POKEMONS (TRAINER_NAME, POKEMON_ID, TIMESTAMP) VALUES ('Tom', 152, 3);
INSERT INTO TRAINER_POKEMONS (TRAINER_NAME, POKEMON_ID, TIMESTAMP) VALUES ('Ryan', 134, 1);
INSERT INTO TRAINER_POKEMONS (TRAINER_NAME, POKEMON_ID, TIMESTAMP) VALUES ('Ryan', 55, 2);
INSERT INTO TRAINER_POKEMONS (TRAINER_NAME, POKEMON_ID, TIMESTAMP) VALUES ('Ryan', 99, 3);
INSERT INTO TRAINER_POKEMONS (TRAINER_NAME, POKEMON_ID, TIMESTAMP) VALUES ('Terry', 1, 1);
INSERT INTO TRAINER_POKEMONS (TRAINER_NAME, POKEMON_ID, TIMESTAMP) VALUES ('Terry', 071, 2);
INSERT INTO TRAINER_POKEMONS (TRAINER_NAME, POKEMON_ID, TIMESTAMP) VALUES ('Terry', 152, 3);